[
   {
      "id": "120363312378071979@g.us",
      "key": "tes",
      "response": "apa",
      "isImage": false,
      "image_url": "-"
   },
   {
      "id": "120363282661587452@g.us",
      "key": "Am",
      "response": " ≋ 𝐀𝐥𝐢𝐠𝐡𝐭 𝐌𝐨𝐭𝐢𝐨𝐧 𝐏𝐫𝐞𝐦𝐢𝐮𝐦☕\n\n*Alight Motion Private 1 Tahun !!*\n\n➪ Harga Hanya\n Rp : 4.000\n\nAkan mendapatkan garansi jika ikut s&k.\n\n> *_note :_*\n> -\n> • Gmail dari Seller/Penjual +2.000.\n> • Login Via Google.\n> • Proses max done 1x24 jam.\n> • Sebelum 24 jam dilarang untuk komplain.\n> • Jika 24 jam pesanan belum selesai buyer/pembeli bisa mengajukan reffund/pengembalian uang.",
      "isImage": false,
      "image_url": "-"
   },
   {
      "id": "120363282661587452@g.us",
      "key": "Tiktok",
      "response": " ≋ 𝐊𝐞𝐛𝐮𝐭𝐮𝐡𝐚𝐧 𝐓𝐢𝐤𝐭𝐨𝐤☕\n—.—.—.—.—.☁️.☁️.—.—.—.—.—\n📫˙..𝒇𝒐𝒍𝒍 𝒕𝒊𝒌𝒕𝒐𝒌 𝒏𝒐 𝒓𝒆𝒇𝒊𝒍..˙📫\n˖˙☁️˙˖.. 100 foll : 4.300\n˖˙☁️˙˖.. 200 foll : 5.900\n˖˙☁️˙˖.. 300 foll : 7.500\n˖˙☁️˙˖.. 400 foll : 9.200\n˖˙☁️˙˖.. 500 foll : 10.900\n˖˙☁️˙˖.. 1000 foll : 19.500\n𝐧𝐨𝐦𝐢𝐧𝐚𝐥 𝐥𝐚𝐢𝐧 𝐭𝐚𝐧𝐲𝐚𝐤𝐚𝐧 𝐚𝐝𝐦𝐢𝐧\n—.—.—.—.—.🏷️.🏷️.—.—.—.—.—\n📪˙..𝒇𝒐𝒍𝒍 𝒕𝒊𝒌𝒕𝒐𝒌 𝒓𝒆𝒇𝒊𝒍 𝟑𝟎 𝒅𝒂𝒚..˙📪\n˖˙📕˙˖.. 100 foll : 6.000\n˖˙📕˙˖.. 200 foll : 9.800\n˖˙📕˙˖.. 300 foll : 13.600\n˖˙📕˙˖.. 400 foll : 17.500\n˖˙📕˙˖.. 500 foll : 21.500\n˖˙📕˙˖.. 1000 foll : 40.000\n𝐧𝐨𝐦𝐢𝐧𝐚𝐥 𝐥𝐚𝐢𝐧 𝐭𝐚𝐧𝐲𝐚𝐤𝐚𝐧 𝐚𝐝𝐦𝐢𝐧\n—.—.—.—.—.🏷️.🏷️.—.—.—.—.—\n📬˙..𝒇𝒐𝒍𝒍 𝒕𝒊𝒌𝒕𝒐𝒌 𝒊𝒏𝒅𝒐 𝒓𝒆𝒇𝒊𝒍𝒍 𝟑𝟎 𝒅𝒂𝒚..˙📬\n˖˙💾˙˖.. 100 foll : 10.000\n˖˙💾˙˖.. 200 foll : 17.000\n˖˙💾˙˖.. 300 foll : 24.000\n˖˙💾˙˖.. 400 foll : 31.000\n˖˙💾˙˖.. 500 foll : 38.000\n˖˙💾˙˖.. 1000 foll : 73.000\n—.—.—.—.—.🏷️.🏷️.—.—.—.—.—\n📭˙..𝒍𝒊𝒌𝒆 𝒕𝒊𝒌𝒕𝒐𝒌 𝒏𝒐 𝒓𝒆𝒇𝒊𝒍..˙📭\n˖˙📮˙˖.. 100 like : 2.700\n˖˙📮˙˖.. 200 like : 2.900\n˖˙📮˙˖.. 300 like : 3.200\n˖˙📮˙˖.. 400 like : 3.500\n˖˙📮˙˖.. 500 like : 3.700\n˖˙📮˙˖.. 1000 like : 5.000\n𝐧𝐨𝐦𝐢𝐧𝐚𝐥 𝐥𝐚𝐢𝐧 𝐭𝐚𝐧𝐲𝐚𝐤𝐚𝐧 𝐚𝐝𝐦𝐢𝐧\n—.—.—.—.—.🏷️.🏷️.—.—.—.—.—\n🪙˙..𝒍𝒊𝒌𝒆 𝒕𝒊𝒌𝒕𝒐𝒌 𝒓𝒆𝒇𝒊𝒍 𝟑𝟎 𝒅𝒂𝒚..˙🪙\n˖˙📓˙˖.. 100 like : 2.900\n˖˙📓˙˖.. 200 like : 3.300\n˖˙📓˙˖.. 300 like : 3.900\n˖˙📓˙˖.. 400 like : 4.300\n˖˙📓˙˖.. 500 like : 4.600\n˖˙📓˙˖.. 1000 like : 7.000\n𝐧𝐨𝐦𝐢𝐧𝐚𝐥 𝐥𝐚𝐢𝐧 𝐭𝐚𝐧𝐲𝐚𝐤𝐚𝐧 𝐚𝐝𝐦𝐢𝐧\n—.—.—.—.—.🏷️.🏷️.—.—.—.—.—\n🪐˙..𝒗𝒊𝒆𝒘 𝒕𝒊𝒌𝒕𝒐𝒌..˙🪐\n˖˙📙˙˖.. 100 view : 2.100\n˖˙📙˙˖.. 200 view : 2.150\n˖˙📙˙˖.. 300 view : 2.200\n˖˙📙˙˖.. 400 view : 2.250\n˖˙📙˙˖.. 500 view : 2.300\n˖˙📙˙˖.. 1000 view : 2.400\n𝐧𝐨𝐦𝐢𝐧𝐚𝐥 𝐥𝐚𝐢𝐧 𝐭𝐚𝐧𝐲𝐚𝐤𝐚𝐧 𝐚𝐝𝐦𝐢𝐧\n—.—.—.—.—.🏷️.🏷️.—.—.—.—.—\n🚀˙..𝒔𝒉𝒂𝒓𝒆 𝒕𝒊𝒌𝒕𝒐𝒌..˙🚀\n˖˙🕊️˙˖.. 100 share : 2.400\n˖˙🕊️˙˖.. 200 share : 2.700\n˖˙🕊️˙˖.. 300 share : 3.000\n˖˙🕊️˙˖.. 400 share : 3.300\n˖˙🕊️˙˖.. 500 share : 3.600\n˖˙🕊️˙˖.. 1000 share : 5.000\n𝐧𝐨𝐦𝐢𝐧𝐚𝐥 𝐥𝐚𝐢𝐧 𝐭𝐚𝐧𝐲𝐚𝐤𝐚𝐧 𝐚𝐝𝐦𝐢𝐧\n—.—.—.—.—.☁️.☁️.—.—.—.—.—\n> 𝒏𝒐𝒕𝒆 :\n> –proses bertahap max done 1×24jam\n> –refil berlaku jika pesanan tidak di ganti username dan masih dalam waktu garansi",
      "isImage": false,
      "image_url": "-"
   },
   {
      "id": "120363282661587452@g.us",
      "key": "Instagram",
      "response": " ≋ 𝐊𝐞𝐛𝐮𝐭𝐮𝐡𝐚𝐧 𝐈𝐧𝐬𝐭𝐚𝐠𝐫𝐚𝐦☕\n—.—.—.—.—.☁️.☁️.—.—.—.—.—\n˙📫˙– 𝒇𝒐𝒍𝒍 𝑰𝑮 𝒓𝒆𝒇𝒊𝒍𝒍 𝟑𝟎 𝒅𝒂𝒚 –˙📫˙\n˚˖𓍢ִ໋📕͙͙֒ 100 foll : 3.000\n˚˖𓍢ִ໋📕͙͙֒ 200 foll : 4.000\n˚˖𓍢ִ໋📕͙͙֒ 300 foll : 4.700\n˚˖𓍢ִ໋📕͙͙֒ 400 foll : 5.500\n˚˖𓍢ִ໋📕͙͙֒ 500 foll : 6.300\n˚˖𓍢ִ໋📕͙͙֒ 1000 foll : 10.000\n𝐧𝐨𝐦𝐢𝐧𝐚𝐥 𝐥𝐚𝐢𝐧 𝐭𝐚𝐧𝐲𝐚𝐤𝐚𝐧 𝐚𝐝𝐦𝐢𝐧\n—.—.—.—.—.🏷️.🏷️.—.—.—.—.—\n˙📪˙– 𝒇𝒐𝒍𝒍 𝑰𝑮 𝒏𝒐 𝒓𝒆𝒇𝒊𝒍𝒍 –˙📪˙\n˚˖𓍢ִ໋📗͙͙֒ 100 foll : 2.600\n˚˖𓍢ִ໋📗͙͙֒ 200 foll : 3.100\n˚˖𓍢ִ໋📗͙͙֒ 300 foll : 3.300\n˚˖𓍢ִ໋📗͙͙֒ 400 foll : 3.600\n˚˖𓍢ִ໋📗͙͙֒ 500 foll : 3.900\n˚˖𓍢ִ໋📗͙͙֒ 1000 foll : 5.500\n𝐧𝐨𝐦𝐢𝐧𝐚𝐥 𝐥𝐚𝐢𝐧 𝐭𝐚𝐧𝐲𝐚𝐤𝐚𝐧 𝐚𝐝𝐦𝐢𝐧\n—.—.—.—.—.🏷️.🏷️.—.—.—.—.—\n˙📬˙– 𝒇𝒐𝒍𝒍 𝑰𝑮 𝒊𝒏𝒅𝒐 𝒓𝒆𝒇𝒊𝒍𝒍 𝟑𝟎 𝒅𝒂𝒚 –˙📬˙\n˚˖𓍢ִ໋📘͙͙֒ 100 foll : 1.700\n˚˖𓍢ִ📘͙͙֒ 200 foll : 2.900\n˚˖𓍢ִ໋📘͙͙֒ 300 foll : 4.100\n˚˖𓍢ִ໋📘͙͙֒ 400 foll : 5.300\n˚˖𓍢ִ໋📘͙͙֒ 500 foll : 6.500\n˚˖𓍢ִ໋📘͙͙֒ 1000 foll : 12.500\n𝐧𝐨𝐦𝐢𝐧𝐚𝐥 𝐥𝐚𝐢𝐧 𝐭𝐚𝐧𝐲𝐚𝐤𝐚𝐧 𝐚𝐝𝐦𝐢𝐧\n—.—.—.—.—.🏷️.🏷️.—.—.—.—.—\n˙📭˙– 𝒇𝒐𝒍𝒍 𝑰𝑮 𝒊𝒏𝒅𝒐 𝒏𝒐 𝒓𝒆𝒇𝒊𝒍𝒍 –˙📭˙\n˚˖𓍢ִ໋📙͙͙֒ 100 foll : 2.300\n˚˖𓍢ִ໋📙͙͙֒ 200 foll : 4.100\n˚˖𓍢ִ໋📙͙͙֒ 300 foll : 5.000\n˚˖𓍢ִ໋📙͙͙֒ 400 foll : 5.800\n˚˖𓍢ִ໋📙͙͙֒ 500 foll : 6.600\n˚˖𓍢ִ໋📙͙͙֒ 1000 foll : 10.800\n𝐧𝐨𝐦𝐢𝐧𝐚𝐥 𝐥𝐚𝐢𝐧 𝐭𝐚𝐧𝐲𝐚𝐤𝐚𝐧 𝐚𝐝𝐦𝐢𝐧\n—.—.—.—.—.🏷️.🏷️.—.—.—.—.—\n˙📮˙– 𝒍𝒊𝒌𝒆 𝑰𝑮 𝒓𝒆𝒇𝒊𝒍𝒍 –˙📮˙\n˚˖𓍢ִ໋📓͙͙֒ 100 like : 2.400\n˚˖𓍢ִ໋📓͙͙֒ 200 like : 2.500\n˚˖𓍢ִ໋📓͙͙֒ 300 like : 2.600\n˚˖𓍢ִ໋📓͙͙֒ 400 like : 2.700\n˚˖𓍢ִ໋📓͙͙֒ 500 like : 2.800\n˚˖𓍢ִ໋📓͙͙֒ 1000 like : 2.900\n𝐧𝐨𝐦𝐢𝐧𝐚𝐥 𝐥𝐚𝐢𝐧 𝐭𝐚𝐧𝐲𝐚𝐤𝐚𝐧 𝐚𝐝𝐦𝐢𝐧\n—.—.—.—.—.🏷️.🏷️.—.—.—.—.—\n˙🛎️˙– 𝒍𝒊𝒌𝒆 𝑰𝑮 𝒏𝒐 𝒓𝒆𝒇𝒊𝒍𝒍 –˙🛎️˙\n˚˖𓍢ִ໋📔͙͙֒ 100 like : 2.300\n˚˖𓍢ִ໋📔͙͙֒ 200 like : 2.400\n˚˖𓍢ִ໋📔͙͙֒ 300 like : 2.500\n˚˖𓍢ִ໋📔͙͙֒ 400 like : 2.600\n˚˖𓍢ִ໋📔͙͙֒ 500 like : 2.700\n˚˖𓍢ִ໋📔͙͙֒ 1000 like : 2.800\n𝐧𝐨𝐦𝐢𝐧𝐚𝐥 𝐥𝐚𝐢𝐧 𝐭𝐚𝐧𝐲𝐚𝐤𝐚𝐧 𝐚𝐝𝐦𝐢𝐧\n—.—.—.—.—.🏷️.🏷️.—.—.—.—.—\n˙🪙˙– 𝒗𝒊𝒆𝒘 𝑰𝑮 –˙🪙˙\n˚˖𓍢ִ໋📒͙͙֒ 100 view : 2.200\n˚˖𓍢ִ໋📒͙͙֒ 200 view : 2.300\n˚˖𓍢ִ📒͙͙֒ 300 view : 2.400\n˚˖𓍢ִ໋📒͙͙֒ 400 view : 2.500\n˚˖𓍢ִ໋📒͙͙֒ 500 view : 2.600\n˚˖𓍢ִ໋📒͙͙֒ 1000 view : 2.900\n𝐧𝐨𝐦𝐢𝐧𝐚𝐥 𝐥𝐚𝐢𝐧 𝐭𝐚𝐧𝐲𝐚𝐤𝐚𝐧 𝐚𝐝𝐦𝐢𝐧\n—.—.—.—.—.☁️.☁️.—.—.—.—.—\n> 𝒏𝒐𝒕𝒆 :\n> –proses bertahap max done 1×24jam\n> –refil berlaku jika pesanan tidak di ganti username dan masih dalam waktu garansi",
      "isImage": false,
      "image_url": "-"
   },
   {
      "id": "120363282661587452@g.us",
      "key": "Capcut",
      "response": " ≋ 𝐂𝐚𝐩𝐜𝐮𝐭 𝐏𝐫𝐞𝐦𝐢𝐮𝐦☕\n\n╰┈• Sharing\n • 1 bulan : 12.000\n • 1 tahun : 21.000\n\n> 𝒏𝒐𝒕𝒆 :\n> • acc only seller\n> • max login 1 device\n> • 1 tahun garansi 6 bulan\n> • Tidak menerima reffund untuk apk shar",
      "isImage": false,
      "image_url": "-"
   },
   {
      "id": "120363282661587452@g.us",
      "key": "Wink",
      "response": " ≋ 𝐖𝐢𝐧𝐤 𝐏𝐫𝐞𝐦𝐢𝐮𝐦☕\n\n•┈ 𝐖𝐢𝐧𝐤\n\n╰┈• Private\n • 1 bulan : 38.000 \n\n> 𝒏𝒐𝒕𝒆 :\n> • andro & ios\n> • only acc seller\n> • garansi jika ikut s&k",
      "isImage": false,
      "image_url": "-"
   },
   {
      "id": "120363282661587452@g.us",
      "key": "Picsart",
      "response": " ≋ 𝐏𝐢𝐜𝐬𝐚𝐫𝐭 𝐏𝐫𝐞𝐦𝐢𝐮𝐦☕\n\n╰┈• Sharing\n • 1 bulan : 5.000\n \n╰┈• Private\n • 1 bulan : 10.000 \n\n> 𝒏𝒐𝒕𝒆 :\n> • acc only seller\n> • garansi jika ikut s&k\n> • Tidak menerima reffund untuk apk shar.",
      "isImage": false,
      "image_url": "-"
   },
   {
      "id": "120363282661587452@g.us",
      "key": "Spotify",
      "response": " ≋ 𝐒𝐩𝐨𝐭𝐢𝐟𝐲 𝐏𝐫𝐞𝐦𝐢𝐮𝐦☕\n\n╰┈• Famplan\n • 15 - 19 day : 10.000\n • 30 - 38 day : 20.000\n\n╰┈• Indplan Replace\n • 1 bulan : 20.000\n • 3 bulan : 30.000\n\n╰┈• Indplan No Replace\n • 1 bulan : 28.000\n — cocok untuk perpanjangan\n\n> 𝒏𝒐𝒕𝒆 :\n> • fampl need email pw \n> • indpl replace bisa acc cust/seller\n> • indpl no replace acc cust \n> • order wajib sabar yaaa !!!",
      "isImage": false,
      "image_url": "-"
   },
   {
      "id": "120363282661587452@g.us",
      "key": "Penjelasan Apk Prem",
      "response": " 𝗣𝗲𝗻𝗷𝗲𝗹𝗮𝘀𝗮𝗻 𝗔𝗽𝗸 𝗣𝗿𝗲𝗺\n\n✎ 1𝐏1𝐔 : 1 profil hanya 1 orang saja yang make\n\n✎ 1𝐏2𝐔 : 1 profil 2 orang yang make \n( kamu & buyerku yang lain )\n\n✎ 𝐏𝐫𝐢𝐯𝐚𝐭𝐞 : akun yang make cuma 1 orang\n\n✎ 𝐒𝐡𝐚𝐫𝐢𝐧𝐠 : akun yang make lebih dari 1 orang\n\n✎ 𝐈𝐧𝐝𝐩𝐥𝐚𝐧 : akun yang make cuma 1 orang\n\n✎ 𝐅𝐚𝐦𝐩𝐥𝐚𝐧 : family plan akun yang make lebih dari 1 orang\n\n✎ 𝐀𝐤𝐮𝐧 𝐜𝐮𝐬𝐭/𝐛𝐮𝐲𝐞𝐫 : akun yang beli \n\n✎ 𝐀𝐤𝐮𝐧 𝐬𝐞𝐥𝐥𝐞𝐫 : akun yang jual\n\n✎ 𝐫𝐞𝐩𝐥𝐚𝐜𝐞/𝐫𝐞𝐧𝐞𝐰 : playlist jadi hilang\n\n✎ 𝐏𝐩𝐣 : perpanjang\n\n✎ 𝐅𝐖 : full warranty / full garansi\n\n✎ 𝐍𝐖 : no warranty / no garansi\n\n✎ 𝐅𝐮𝐥𝐥𝐠𝐚𝐫 : full garansi\n\n✎ 𝐍𝐨𝐠𝐚𝐫 : no garansi\n\n✎ 𝐅𝐮𝐥𝐥 𝐠𝐚𝐫𝐚𝐧𝐬𝐢 : jika terjadi eror atau langganan tercancel/batal dapat meminta akun pengganti pada own\n\n✎ 𝐍𝐨 𝐠𝐚𝐫𝐚𝐧𝐬𝐢 : jika terjadi eror atau masalah di akun premium tidak mendapat akun pengganti\n\n✎ 𝐃𝐮𝐫𝐚𝐬𝐢 : jangka waktu yang di berikan pada pembeli menggunakan akun premium \n\n✎ 𝐋𝐢𝐟𝐞𝐭𝐢𝐦𝐞 : selamanya\n\n✎ 𝐧𝐨𝐧𝐚𝐤𝐭𝐢𝐟/𝐛𝐚𝐧𝐧𝐞𝐝 : hal ini terjadi karna ada aktivitas yang mencurigakan pada akun\n\n✎ 𝐛𝐟/𝐛𝐚𝐜𝐤 𝐟𝐫𝐞𝐞 : langganan premium pada akun hilang/tidak aktif karna terdeteksi sebagai akun yang tidak sah pembayarannya\n\n✎ 𝐅𝐨𝐥𝐥 𝐫𝐚𝐧𝐝𝐨𝐦 : tidak ada garansi , foll acak bisa bot,orang luar,dll\n\n✎ 𝐌𝐞𝐦𝐛𝐞𝐫 : hanya mendapatkan fitur pro nya aja, gabisa upload font, brandkit, upload color palette, dll.\n\n✎ 𝐃𝐞𝐬𝐢𝐠𝐧𝐞𝐫 : mendapatkan fitur - fitur premium sekaligus upload font, brandkit, color palette, dll.\n\n• kalo akun sharing jangan dijual lagi nanti jadi limit bukan tanggung jawab aku ya,garansi jika kata sandi / pw salah saja.\n\n— harap dipahami, kalau belum paham pahami dulu ya jangan dikit² nanya pdhl udah dijelasin, atau cari digoogle oke\n\n— order= mengerti & sabar\n\n—𝐏𝐀𝐍𝐃𝐔𝐀𝐍 𝐒𝐂𝐑𝐄𝐄𝐍 𝐋𝐈𝐌𝐈𝐓—\n\n⚠️ solusinya bisa mendownload film terlebih dahulu kemudian nonton secara Offline atau tunggu sampai bisa nonton kembali\n\n𝐏𝐞𝐧𝐭𝐢𝐧𝐠!!\n— jika ada tulisan on hold, klik x ataun ‘not right now’ saja.\n— Tidak menerima refund dalam bentuk apapun KECUALI error pada akun / terjadi kesalahan saat aku proses akunnya.",
      "isImage": false,
      "image_url": "-"
   },
   {
      "id": "120363282661587452@g.us",
      "key": "Tutor HD",
      "response": " ≋ 𝐓𝐮𝐭𝐨𝐫 𝐇𝐃☕\n\n╰┈• Tutor HD up Status WA : 15.000\n \n╰┈• Tutor HD up Tiktok : 20.000\n\n╰┈• Paket HD up Status + Tiktok : 30.000\n\n> 𝒏𝒐𝒕𝒆 :\n> • Menggunakan apk tambahan (wink).",
      "isImage": false,
      "image_url": "-"
   },
   {
      "id": "120363282661587452@g.us",
      "key": "Format Apk Priv",
      "response": " ≋ 𝐅𝐨𝐫𝐦𝐚𝐭 𝐀𝐩𝐤 𝐏𝐫𝐢𝐯𝐚𝐭𝐞☕\n\n➥ Nama Apk : \n➥ Durasi : \n➥ Gmail : \n➥ Password : \n➥ Tanggal Order : \n➥ Keterangan (opsional) : \n\n> `𝒏𝒐𝒕𝒆`:\n> • Jika acc seller email dan password jangan di isi\n> • Matikan/lewati verifikasi 2 langkah\n> • Wajib Gmail Fresh (Baru Buat)\n\n〚 𝐢𝐬𝐢 𝐝𝐞𝐧𝐠𝐚𝐧 𝐛𝐞𝐧𝐚𝐫 〛",
      "isImage": false,
      "image_url": "-"
   },
   {
      "id": "120363282661587452@g.us",
      "key": "Format Apk Shar",
      "response": " ≋ 𝐅𝐨𝐫𝐦𝐚𝐭 𝐀𝐩𝐤 𝐒𝐡𝐚𝐫☕\n\n➥ Nama Apk : \n➥ Durasi : \n➥ Device : \n➥ Lokasi : \n➥ Tanggal Order : \n➥ Keterangan (opsional) : \n\n〚 𝐢𝐬𝐢 𝐝𝐞𝐧𝐠𝐚𝐧 𝐛𝐞𝐧𝐚𝐫 〛",
      "isImage": false,
      "image_url": "-"
   },
   {
      "id": "120363282661587452@g.us",
      "key": "Format Kebsos",
      "response": " ≋ 𝐅𝐨𝐫𝐦𝐚𝐭 𝐊𝐞𝐛𝐬𝐨𝐬☕\n\n➥ Tanggal Order : \n➥ Order : \n➥ Link : \n➥ Refill/NoRefill : \n➥ Keterangan (opsional) : \n\n〚 𝐢𝐬𝐢 𝐝𝐞𝐧𝐠𝐚𝐧 𝐛𝐞𝐧𝐚𝐫 〛",
      "isImage": false,
      "image_url": "-"
   },
   {
      "id": "120363282661587452@g.us",
      "key": "Paid Edit",
      "response": " ≋ 𝐏𝐚𝐢𝐝 𝐄𝐝𝐢𝐭☕\n\n• Konten Sad\nRp : 15.000\n\n• Konten Kece\nRp : 15.000\n\n• JJ Game/Wajah\nRp : 10.000\n\n• JJ Style Siwa \nRp : 30.000\n\n• JJ Collab Game/Wajah\nRp : 15.000\n\n-\n≋ 𝐊𝐞𝐛𝐮𝐭𝐮𝐡𝐚𝐧 𝐄𝐝𝐢𝐭☕\n\n➥ Buat History Custom + Item : 1.500\n➥ Buat Affinitas Custom : 500p\n➥ Buat Lobby Custom : 500p\n➥ Buat Hero In Game Custom : 500p\n➥ Buat Loading Screen Custom : 500p\n\n\n> 𝒏𝒐𝒕𝒆 :\n> • PP dari admin +100p\n> • Menggunakan item top global\n> • Loading Screen bisa pakai lovers\n> • Untuk paid edit, kirim mentahan ke admin lewat PC",
      "isImage": false,
      "image_url": "-"
   },
   {
      "id": "120363282661587452@g.us",
      "key": "Pay",
      "response": " ≋ 𝐏𝐚𝐲𝐦𝐞𝐧𝐭☕\n\n💳 Dana/Gopay ⵓ 082125707658 —𝖠.𝖲 / chunkybarzt\n\n💳 Qris All Payment ⵓ Scan Diatas\n\n> 𝒏𝒐𝒕𝒆 ⵓ\n> • qris +500p\n> • gunakan qris jika e-wallet tidak premium\n> • dana ke dana +500p\n> • gunakan qris jika tidak ada pilihan e-wallet lain di atas\n> • wajib kirim ss bukti tf dengan detail!!",
      "isImage": true,
      "image_url": "https://telegra.ph/file/7767a17aa9546d56230dc.jpg"
   },
   {
      "id": "120363234669565174@g.us",
      "key": "apk prem",
      "response": ".·´¯`·.·★  *Apk Prem* 𝐆𝐞𝐣𝐞𝐭 𝐒𝐭𝐨𝐫𝐞 ★·.·`¯´·\n\n*࿐Alight Motion*\n\n\n⚘ Private\n╰ • 1 tahun fw Rp 5.000\n╰ • 1 tahun nw Rp 3.000\n\n_*⎙ Note*_:\n◌‌ acc dari seller +2.000\n◌‌ order = sabar\n◌‌ gamau sabar jangan order disini\n◌‌ andro & ios\n◌‌ sebelum 1x24jam dilarang spam chat\n⟣────── ⊱ 𖦹𖦹𖦹 ⊰──────⟢\n\n*࿐Bstation*\n\n⚘ sharing\n╰ • 1 bulan Rp 8.000\n╰ • 3 bulan Rp 11.000\n╰ • 1 Tahun Rp 14.000\n\n⚘ private\n╰ • 1 bulan Rp 36.000\n╰ • 3 bulan Rp 93.000\n╰ • 1 tahun Rp 135.000\n\n*⎙ Note* \n◌‌ acc dari seller\n◌‌ 1 tahun garansi 5 bulan\n◌‌ garansi jika ikut s&k\n◌‌ jika limit di cek berkala\n⟣────── ⊱ 𖦹𖦹𖦹 ⊰──────⟢\n\n*࿐Canva Prem*\n\n⚘ member\n╰ • 1 bulan Rp 4.000\n╰ • 2 bulan Rp 5.000\n╰ • 3 bulan Rp 6.000\n╰ • 4 bulan Rp 7.000\n╰ • 5 bulan Rp 8.000\n╰ • 6 bulan Rp 9.000\n╰ • 1 Tahun Rp 12.000\n\n⚘ lifetime Rp 14.000\n\n⚘ canva admin\n╰ • 1 bulan Rp 6.000\n╰ • 45 hari Rp 8.000\n\n*⎙ Note* \n◌‌ designer +1.000\n◌‌ garansi jika ikut s&k\n◌‌ need email buyer\n◌‌ 1 tahun & lifetime garansi 6 bulan\n⟣────── ⊱ 𖦹𖦹𖦹 ⊰──────⟢\n\n*࿐Capcut*\n\n\n⚘ sharing\n╰ • 1 bulan Rp 11.000\n╰ • 1 tahun Rp 20.000\n\n_*⎙ Note*_:\n◌‌ acc dari seller\n◌‌ max login 1 device\n◌‌ 1 tahun garansi 6 bulan\n⟣────── ⊱ 𖦹𖦹𖦹 ⊰──────⟢\n\n*࿐Netflix*\n\n\n⚘ sharing harian\n╰ • 1 hari Rp 3.000\n╰ • 3 hari Rp 8.000\n╰ • 15 hari Rp 15.000\n\n⚘ sharing 1p1u\n╰ • 7 hari Rp 11.000\n╰ • 1 bulan Rp 26.000\n\n⚘ sharing 1p2u\n╰ • 7 hari Rp 10.000\n╰ • 1 bulan Rp 16.000\n\n⚘ 1p2d \n╰ • 1 bulan Rp 38.000\n\n⚘ private 5p1u\n╰ • 1 bulan Rp 150.000\n\n_*⎙ Note*_:\n◌‌ acc dari seller\n◌‌ garansi jika ikut s&k\n⟣────── ⊱ 𖦹𖦹𖦹 ⊰──────⟢\n\n*࿐Picsart*\n\n\n⚘ sharing\n╰ • 1 bulan Rp 4.000\n\n⚘ private\n╰ • 1 bulan Rp 9.000\n\n_*⎙ Note*_:\n◌‌ acc dari seller\n◌‌ garansi jika ikut s&k\n⟣────── ⊱ 𖦹𖦹𖦹 ⊰──────⟢\n\n*࿐Viu private*\n\n\n⚘ basic \n╰ • 1 bulan Rp 2.500\n╰ • 3 bulan Rp 7.000\n╰ • 6 bulan Rp 8.000\n╰ • 1 tahun Rp 10.000\n\n⚘ anlim\n╰ • 1 bulan Rp 5.000\n╰ • 3 bulan Rp 8.000\n╰ • 6 bulan Rp 10.000\n╰ • 1 tahun Rp 13.000\n\n_*⎙ Note*_ :\n◌‌ acc dari seller\n◌‌ bisa semua device, kecuali tv\n◌‌ login 1 device\n◌‌ ttp limit screen\n◌‌ garansi jika ss login 1x24jam\n◌‌ 30-60 menit done, max 1x24jam\n◌‌ order sabar!!\n⟣────── ⊱ 𖦹𖦹𖦹 ⊰──────⟢\n\n*࿐Wink*\n\n\n⚘ private\n╰ • 1 bulan Rp 36.000\n\n⚘ sharing\n╰ • 1 bulan Rp 22.000\n\n_*⎙ Note*_:\n◌‌ andro & ios\n◌‌ acc dari seller\n◌‌ garansi jika ikut s&k\n⟣────── ⊱ 𖦹𖦹𖦹 ⊰──────⟢\n\n*࿐YouTube*\n\n\n⚘ famplan\n╰ • 1 bulan Rp 4.000\n\n⚘ indplan\n╰ • 3 bulan nogar Rp 15.000\n╰ • 3 bulan fullgar Rp 28.000\n\n_*⎙ Note*_ :\n◌‌ famplan email buyyer\n◌‌ indplan acc dari seller\n◌‌ famplan hanya bisa invite 2x\n◌‌ garansi jika ikut s&k\n⟣────── ⊱ 𖦹𖦹𖦹 ⊰──────⟢\n*APK PREM LAIN TANYA ADMIN*",
      "isImage": false,
      "image_url": "-"
   },
   {
      "id": "120363234669565174@g.us",
      "key": "payment",
      "response": "*Payment 𝐆𝐞𝐣𝐞𝐭 𝐒𝐭𝐨𝐫𝐞*\n\n*E-Wallet*\n╰ Dana | 085881330559\n╰ Gopay | 085881330559\n╰ Ovo | 085881330559\n\n\n_*⎙ note*_:\n◌‌ dana ke dana +100\n◌‌ gopay ke gopay +200\n◌‌ ovo ke ovo +300\n◌‌ qris with fee minta admin\n◌‌ bukti tf kirim di gc atau di pc\n\n*`NO FEE = NO PROSES`*\n⟣────── ⊱ 𖦹𖦹𖦹 ⊰──────⟢",
      "isImage": false,
      "image_url": "-"
   },
   {
      "id": "120363234669565174@g.us",
      "key": "suntik tt",
      "response": "*࿐TikTok needs*\n\n_free 100share jika order minim 5k_\n⟣────── ⊱ 𖦹𖦹𖦹 ⊰──────⟢\n\n⚘ follower NR\n◌‌ 100 foll Rp.2,800\n◌‌ 200 foll Rp.5,600\n◌‌ 300 foll Rp.8,300\n◌‌ 400 foll Rp.10,900\n◌‌ 500 foll Rp.14,300\n◌‌ 600 foll Rp.16,000\n◌‌ 700 foll Rp.17,800\n◌‌ 800 foll Rp.19,400\n◌‌ 900 foll Rp.20,800\n◌‌ 1k foll Rp.21,500\n=--------------+--•--+----------------=\n\n⚘ followers luar refill \n◌‌ 100 foll Rp.3,000\n◌‌ 200 foll Rp.5,900\n◌‌ 300 foll Rp.8,700\n◌‌ 400 foll Rp.11,300\n◌‌ 500 foll Rp.13,500\n◌‌ 600 foll Rp.15,900\n◌‌ 700 foll Rp.18,200\n◌‌ 800 foll Rp.20,400\n◌‌ 900 foll Rp.22,500\n◌‌ 1k foll Rp.25,500\n=-------------+--•--+---------------=\n\n⚘ like refill 30 hari\n◌‌ 100 like Rp.1,200\n◌‌ 200 like Rp.2,400\n◌‌ 300 like Rp.3,500\n◌‌ 400 like Rp.4,600\n◌‌ 500 like Rp.5,600\n◌‌ 600 like Rp.6,500\n◌‌ 700 like Rp.7,300\n◌‌ 800 like Rp.8,000\n◌‌ 900 like Rp.8,600\n◌‌ 1k like Rp.9,000\n=--------------+--•--+---------------=\n\n⚘ comment emoji \n◌‌ 10 komen Rp.1,500 NR\n◌‌ 15 komen Rp.2,500 NR\n◌‌ 20 komen Rp.3,000 NR\n◌‌ 25 komen Rp.3,500 NR\n◌‌ 10 komen Rp.2,500 refill\n◌‌ 15 komen Rp.3,300 refill\n◌‌ 20 komen Rp.4,000 refill\n◌‌ 25 komen Rp.4,500 refill\n=--------------+--•--+---------------=\n\n⚘ view \n◌‌ 1000 view Rp.800\n◌‌ 2000 view Rp.1,600\n◌‌ 3000 view Rp.2,300\n◌‌ 4000 view Rp.3,900\n◌‌ 5000 view Rp.4,400\n◌‌ 6000 view Rp.4,800\n◌‌ 7000 view Rp.5,100\n◌‌ 8000 view Rp.5,300\n◌‌ 9000 view Rp.5,400\n◌‌ 100k view Rp 6,500\n=--------------+--•--+---------------=\n\n⚘ save/favorit\n◌‌ 100 fav Rp.500\n◌‌ 200 fav Rp.1,000\n◌‌ 300 fav Rp.1,500\n◌‌ 400 fav Rp.2,000\n◌‌ 500 fav Rp.2,500\n◌‌ 600 fav Rp.3,000\n◌‌ 1k fav Rp.5,000\n\n⟣────── ⊱ 𖦹𖦹𖦹 ⊰──────⟢\n_*akun dilarang private*_\n_*no refill tidak ada garansi jika terjadi penurunan*_",
      "isImage": false,
      "image_url": "-"
   },
   {
      "id": "120363234669565174@g.us",
      "key": "suntik ig",
      "response": "*࿐instagram needs*\n\n⟣────── ⊱ 𖦹𖦹𖦹 ⊰──────⟢\n\n⚘ follower luar NR\n◌‌ 100 foll Rp.1,400\n◌‌ 200 foll Rp.2,800\n◌‌ 300 foll Rp.3,100\n◌‌ 400 foll Rp.4,400\n◌‌ 500 foll Rp.5,600\n◌‌ 600 foll Rp.6,800\n◌‌ 700 foll Rp.7,900\n◌‌ 800 foll Rp.9,000\n◌‌ 900 foll Rp.10,000\n◌‌ 1k foll Rp.11,000\n=--------------+--•--+----------------=\n\n⚘ followers luar refill \n◌‌ 100 foll Rp.2,000\n◌‌ 200 foll Rp.4,000\n◌‌ 300 foll Rp.5,700\n◌‌ 400 foll Rp.7,500\n◌‌ 500 foll Rp.9,000\n◌‌ 600 foll Rp.10,500\n◌‌ 700 foll Rp.11,800\n◌‌ 800 foll Rp.13,100\n◌‌ 900 foll Rp.14,300\n◌‌ 1k foll Rp.15,000\n=-------------+--•--+---------------=\n\n⚘ followers indo NR\n◌‌ 100 foll Rp.2,500\n◌‌ 200 foll Rp.4,800\n◌‌ 300 foll Rp.7,100\n◌‌ 400 foll Rp.9,100\n◌‌ 500 foll Rp.10,900\n◌‌ 600 foll Rp.12,500\n◌‌ 700 foll Rp.13,900\n◌‌ 800 foll Rp.15,100\n◌‌ 900 foll Rp.16,100\n◌‌ 1k foll Rp.16,700\n=-------------+--•--+--------------=\n\n⚘ followers indo refill \n◌‌ 100 foll Rp.3,100\n◌‌ 200 foll Rp.6,000\n◌‌ 300 foll Rp.8,800\n◌‌ 400 foll Rp.11,500\n◌‌ 500 foll Rp.13,100\n◌‌ 600 foll Rp.15,600\n◌‌ 700 foll Rp.18,000\n◌‌ 800 foll Rp.20,300\n◌‌ 900 foll Rp.22,500\n◌‌ 1k foll Rp.24,600\n=---------------+--•--+----------------=\n\n⚘ like no refill\n◌‌ 100 like Rp.800\n◌‌ 200 like Rp.1,400\n◌‌ 300 like Rp.1,800\n◌‌ 400 like Rp.2,200\n◌‌ 500 like Rp.2,500\n◌‌ 600 like Rp.2,800\n◌‌ 700 like Rp.3,000\n◌‌ 800 like Rp.3,200\n◌‌ 900 like Rp.3,400\n◌‌ 1k like Rp.3,500\n=--------------+--•--+---------------=\n\n⚘ like refill 30hari\n◌‌ 100 like Rp.1,100\n◌‌ 200 like Rp.2,200\n◌‌ 300 like Rp.3,300\n◌‌ 400 like Rp.4,200\n◌‌ 500 like Rp.5,000\n◌‌ 600 like Rp.5,500\n◌‌ 700 like Rp.5,800\n◌‌ 800 like Rp.6,200\n◌‌ 900 like Rp.6,400\n◌‌ 1k like Rp.6,500\n=--------------+--•--+---------------=\n\n⚘ view all link\n◌‌ 1000 view Rp.1,000\n◌‌ 2000 view Rp.1,800\n◌‌ 3000 view Rp.3,500\n◌‌ 4000 view Rp.4,000\n◌‌ 5000 view Rp 4,500\n\n⟣────── ⊱ 𖦹𖦹𖦹 ⊰──────⟢\n_*akun dilarang private*_\n_*no refill tidak ada garansi jika terjadi penurunan*_",
      "isImage": false,
      "image_url": "-"
   },
   {
      "id": "120363234669565174@g.us",
      "key": "suntik tele",
      "response": "*࿐Telegran needs*\n\n⟣────── ⊱ 𖦹𖦹𖦹 ⊰──────⟢\n\n⚘ member ch/gc\n◌‌ 100 mem Rp.3,500\n◌‌ 200 mem Rp.7,000\n◌‌ 300 mem Rp.10,000\n◌‌ 400 mem Rp.13,000\n◌‌ 500 mem Rp.15,500\n◌‌ 600 mem Rp.18,000\n◌‌ 700 mem Rp.20,000\n◌‌ 800 mem Rp.22,000\n◌‌ 900 mem Rp.23,500\n◌‌ 1k mem Rp.25,000\n\n⟣────── ⊱ 𖦹𖦹𖦹 ⊰──────⟢\n_*Refill 30Hari*_",
      "isImage": false,
      "image_url": "-"
   },
   {
      "id": "120363234669565174@g.us",
      "key": "suntik wa",
      "response": "*࿐WhatsApp needs*\n\n⟣────── ⊱ 𖦹𖦹𖦹 ⊰──────⟢\n\n⚘ member channel\n◌‌ 10 mem Rp.3,000\n◌‌ 20 mem Rp.6,000\n◌‌ 30 mem Rp.9,000\n◌‌ 40 mem Rp.11,500\n◌‌ 50 mem Rp.14,000\n◌‌ 60 mem Rp.16,000\n◌‌ 70 mem Rp.18,000\n◌‌ 80 mem Rp.20,000\n◌‌ 90 mem Rp.21,500\n◌‌ 100 mem Rp.22,000\n=---------------+--•--+-----------------=\n\n⚘ emoji reaction\n◌‌ 10 react Rp.2,000\n◌‌ 20 react Rp.3,500\n◌‌ 30 react Rp.5,000\n◌‌ 100 react Rp.12,000\n• request emoji ( 😂😮👍🙏😓❤️)\n\n⟣────── ⊱ 𖦹𖦹𖦹 ⊰──────⟢\n_*Refill 30Hari*_",
      "isImage": false,
      "image_url": "-"
   },
   {
      "id": "120363234669565174@g.us",
      "key": "wdp",
      "response": "*࿐Weekly diamond pass*\n\n⚘ via id\n╰ • 🇮🇩 indo Rp 25.800\n╰ • 🇹🇷 turki Rp 18.500\n\n⚘ vilog\n╰ • Rp 24.000 wajib beli 3\n╰ • Rp 24.999 boleh 1\n\n_*⎙ note*_ :\n◌‌ 💯 aman\n◌‌ via id 1 - 5 menit done\n◌‌ kesalahan id bukan tanggung jawab admin\n◌‌ via login with play 2-3 macht\n◌‌ dilarang tabrak saat proses login\n◌‌ proses vilog 1 - 2 jam",
      "isImage": false,
      "image_url": "-"
   },
   {
      "id": "120363234669565174@g.us",
      "key": "ml receh",
      "response": "*Mobile Legends*\n\n◌‌ 5 💎 Rp 1.654\n◌‌ 10 💎 Rp 3.273\n◌‌ 14 💎 Rp 4.464\n◌‌ 17 💎 Rp 5.041\n◌‌ 20 💎 Rp 5.876\n◌‌ 28 💎 Rp 7.553\n◌‌ 30 💎 Rp 8.052\n◌‌ 33 💎 Rp 8.889\n◌‌ 36 💎 Rp 9.795\n◌‌ 42 💎 Rp 11.352\n◌‌ 50 💎 Rp 13.021\n◌‌ 54 💎 Rp 14.153\n◌‌ 59 💎 Rp 14.863\n◌‌ 67 💎 Rp 17.573\n◌‌ 71 💎 Rp 18.132\n◌‌ 74 💎 Rp 18.861\n◌‌ 78 💎 Rp 19.931\n◌‌ 80 💎 Rp 20.563\n◌‌ 85 💎 Rp 21.077\n◌‌ 88 💎 Rp 21.979\n◌‌ 92 💎 Rp 23.101\n◌‌ 98 💎 Rp 24.887\n=------------+----+-------------=\n_*kesalahan id bukan tanggung jawab admin*_",
      "isImage": false,
      "image_url": "-"
   },
   {
      "id": "120363234669565174@g.us",
      "key": "ml ratus",
      "response": "*Mobile Legends*\n\n◌‌ 100 💎 Rp 25.468\n◌‌ 110 💎 Rp 27.432\n◌‌ 113 💎 Rp 28.511\n◌‌ 129 💎 Rp 32.236\n◌‌ 140 💎 Rp 35.584\n◌‌ 145 💎 Rp 36.864\n◌‌ 148 💎 Rp 37.653\n◌‌ 153 💎 Rp 38.390\n◌‌ 170 💎 Rp 40.870\n◌‌ 173 💎 Rp 42.530\n◌‌ 176 💎 Rp 43.980\n◌‌ 184 💎 Rp 46.031\n◌‌ 194 💎 Rp 48.790\n◌‌ 200 💎 Rp 49.899\n◌‌ 210 💎 Rp 52.017\n◌‌ 222 💎 Rp 55.014\n◌‌ 225 💎 Rp 55.764\n◌‌ 240 💎 Rp 58.940\n◌‌ 257 💎 Rp 62.416\n◌‌ 284 💎 Rp 68.999\n◌‌ 296 💎 Rp 71.893\n◌‌ 300 💎 Rp 73.532\n◌‌ 323 💎 Rp 79.690\n◌‌ 344 💎 Rp 74.180\n◌‌ 384 💎 Rp 93.876\n◌‌ 408 💎 Rp 95.043\n◌‌ 460 💎 Rp 114.424\n◌‌ 500 💎 Rp 122.590\n◌‌ 568 💎 Rp 130.753\n◌‌ 600 💎 Rp 149.800\n◌‌ 642 💎 Rp 160.177\n◌‌ 706 💎 Rp 172.533\n◌‌ 740 💎 Rp 180.543\n◌‌ 790 💎 Rp 192.976\n◌‌ 875 💎 Rp 210.146\n◌‌ 882 💎 Rp 216.654\n◌‌ 963 💎 Rp 232.854\n◌‌ 978 💎 Rp 240.211\n=------------+----+-------------=\n_*kesalahan id bukan tanggung jawab admin*_",
      "isImage": false,
      "image_url": "-"
   },
   {
      "id": "120363234669565174@g.us",
      "key": "ml ribuan",
      "response": "*Mobile Legends*\n\n◌‌ 1000 💎 Rp 246.864\n◌‌ 1045 💎 Rp 258.547\n◌‌ 1124 💎 Rp 275.424\n◌‌ 1200 💎 Rp 298.644\n◌‌ 1358 💎 Rp 330.321\n◌‌ 1506 💎 Rp 353.532\n◌‌ 1704 💎 Rp 415.754\n◌‌ 2010 💎 Rp 440.543\n◌‌ 2901 💎 Rp 670.664\n◌‌ 3688 💎 Rp 820.876\n◌‌ 4396 💎 Rp 1.002.870\n◌‌ 5532 💎 Rp 1.263.245\n◌‌ 6238 💎 Rp 1.412.643\n=------------+----+-------------=\n_*kesalahan id bukan tanggung jawab admin*_",
      "isImage": false,
      "image_url": "-"
   },
   {
      "id": "120363234669565174@g.us",
      "key": "ml turki",
      "response": "*࿐MOBILE LEGENDS ID TURKI*\n\n╰ • 24💎 Rp 5.000\n╰ • 44💎 Rp 8.000\n╰ • 88💎 Rp 15.000\n╰ • 133💎 Rp 22.000\n╰ • 221💎 Rp 36.000\n╰ • 494💎 Rp 80.000\n╰ • 1041💎 Rp 165.000\n╰ • 2645 💎 Rp 407.000\n╰ • 6146💎 Rp 920.000\n _WDP Rp 18.500_\n\nNote :\n_KHUSUS ID SERVER TURKI_",
      "isImage": false,
      "image_url": "-"
   },
   {
      "id": "120363234669565174@g.us",
      "key": "hok",
      "response": "*Honor of kings*\n\n◌‌ 16 🧧 Rp 3.132\n◌‌ 80 🧧 Rp 10.865\n◌‌ 240 🧧 Rp 31.003\n◌‌ 400 🧧 Rp 48.782\n◌‌ 560 🧧 Rp 67.007\n◌‌ 800 🧧 Rp 87.867\n◌‌ 1200 🧧 Rp 119.644\n◌‌ 2400 🧧 Rp 289.989\n◌‌ 4000 🧧 Rp 470.600\n◌‌ 8000 🧧 Rp 937.321\n◌‌ weekly pass Rp 12.000\n=-------------+--•--+---------------=\n_*kesalahan id bukan tanggung jawab admin*_",
      "isImage": false,
      "image_url": "-"
   },
   {
      "id": "120363234669565174@g.us",
      "key": "epep",
      "response": "*Free Fire*\n\n◌‌ 5 💎 Rp 1.132\n◌‌ 10 💎 Rp 2.296\n◌‌ 15 💎 Rp 3.135\n◌‌ 25 💎 Rp 4.754\n◌‌ 50 💎 Rp 7.123\n◌‌ 55 💎 Rp 8.214\n◌‌ 60 💎 Rp 9.354\n◌‌ 75 💎 Rp 10.275\n◌‌ 90 💎 Rp 12.865\n◌‌ 100 💎 Rp 14.322\n◌‌ 120 💎 Rp 16.001\n◌‌ 130 💎 Rp 17.599\n◌‌ 150 💎 Rp 19.965\n◌‌ 170 💎 Rp 22.799\n◌‌ 180 💎 Rp 24.364\n◌‌ 200 💎 Rp 27.007\n◌‌ 210 💎 Rp 28.008\n◌‌ 250 💎 Rp 33.765\n◌‌ 280 💎 Rp 37.329\n◌‌ 300 💎 Rp 39.976\n◌‌ 350 💎 Rp 45.005\n◌‌ 405 💎 Rp 52.467\n◌‌ levell up pass Rp 14.870\n◌‌ membership mingguan Rp 28.000\n◌‌ membership bulanan Rp 81.800\n=------------+----+-------------=\n_*kesalahan id bukan tanggung jawab admin*_",
      "isImage": false,
      "image_url": "-"
   },
   {
      "id": "120363234669565174@g.us",
      "key": "paid edit",
      "response": "*࿐Paid edit by.gejet*\n\n\n⚘ price Rp 3.000\n╰ jj simple sedikit efek \n╰ style admin\n╰ sad/aesthetic\n\n⚘ price 5.000\n╰ jj gameplay \n╰ jj 3D\n\n_*⎙ note*_:\n◌‌ mentahan dari admin +1.000\n◌‌ pasangin preset yg sudah ada -1.000\n◌‌ jika ingin req style, kasih contoh yg jelas\n◌‌ proses 30 - 120 menit sesuai ekspor\n◌‌ video tinggal ekspor tiktok langsung HD\n◌‌ tutor HD? +1.000\n◌‌ jika ingin melihat editan admin cek di https://www.tiktok.com/",
      "isImage": false,
      "image_url": "-"
   },
   {
      "id": "120363234669565174@g.us",
      "key": "starlight",
      "response": "*࿐Gift Starlight*\n\n\n⚘ bulan ini\n• Rp 39.000\n\n⚘ po bulan depan\n• Rp 36.000\n\n⚘ po bulan depan nya lagi\n• Rp 34.000\n\n_*⎙ note*_:\n◌‌ di gift 8 hari setelah tf\n◌‌ untuk po di gift setiap tgl 1\n◌‌ setiap bulan ready stok 3\n◌‌ tanyakan stok sebelum order\n◌‌ bisa dp, maks lunas dp 3 hari sebelum di gift\n◌‌ melebihi batas lunas, denda 5k",
      "isImage": false,
      "image_url": "-"
   },
   {
      "id": "120363234669565174@g.us",
      "key": "gift skin",
      "response": "*⁽⁽ଘ Gift skin shop ଓ⁾⁾*\n\n╰ • 299💎 Normal : Rp.45,000\n╰ • 399💎 Elite : Rp.55,000\n╰ • 599💎 Elite : Rp.70,000\n╰ • 749💎 Special : Rp.85,000\n╰ • 899💎 Epic : Rp.95,000\n╰ • 1089💎 Lightborn : Rp.115,000\n\n⎙ 𝑵𝒐𝒕𝒆\n│⚘ Wajib berteman selama 8h/lebih\n│⚘ Semakin mahal harga skin semakin lama proses gift\n│⚘ No cancel / reffund \n│⚘ Membeli = setuju & faham \n│⚘ Dikirim sesuai antrian",
      "isImage": false,
      "image_url": "-"
   },
   {
      "id": "120363234669565174@g.us",
      "key": "reseller",
      "response": "*Reseller gejet store*\n\n⚘ price Rp 7.000\n\n◌‌ am prem Rp 500\n◌‌ suntik foll ig mulai dari Rp 900\n◌‌ suntik foll tt mulai dari Rp 2.300\n◌‌ viu prem Rp 800\n◌‌ ada web kebsos & top up murah\n\nberlaku seumur hidup, asal tidak keluar gc tanpa alasan",
      "isImage": false,
      "image_url": "-"
   },
   {
      "id": "120363234669565174@g.us",
      "key": "format order",
      "response": "https://whatsapp.com/channel/0029VaeWu374Y9ltCfzw332u",
      "isImage": false,
      "image_url": "-"
   },
   {
      "id": "120363234669565174@g.us",
      "key": "web top up",
      "response": "*࿐Website top up all game*\n\n\n⚘ price Rp.10,000\n◌‌ diamond harga reseller\n◌‌ wdp 24 - 26k\n◌‌ bisa gift skin\n◌‌ gift charisma\n◌‌ up view + like album\n◌‌ top up vilog\n◌‌ joki akun\n◌‌ border airplane\n◌‌ buy apk prem\n◌‌ sewa sq verif\n◌‌ pulsa/data\n◌‌ roomtour\n\n⚘ price Rp 30.000\n◌‌ dapet semua yang di atas\n◌‌ tutor am prem\n◌‌ tutor all apk prem\n◌‌ web kebsos free\n◌‌ free join ress ( am prem 500p, viu 800p, kebsos )\n◌‌ tutor qris no ktp\n\n⚘ keuntungan\n◌‌ di dalam link akan di sediakan 1000+ tutor² bermanfaat\n◌‌ tutor+bahan open store\n◌‌ tutor beku dana\n◌‌ web nokos\n◌‌ dengan harga di web yang murah + dapet tutor² sebanyak ini, dijamin balik modal besar",
      "isImage": false,
      "image_url": "-"
   },
   {
      "id": "120363234669565174@g.us",
      "key": "sewa sq verif",
      "response": "*࿐Sewa Squad verified*\n\n⚘ RRQ, EVOS, BTR, ONIC, AE\n╰ • sewa 7 Hari Rp 65.000\n╰ • sewa 14 Hari Rp 110.000\n╰ • sewa 30 Hari Rp 170.000 \n\n_*⎙ note*_ :\n◌‌ request level 25 Rp 25.000\n◌‌ proses 15 - 30 menit\n◌‌ kirimkan email untuk di bind kan ke akun\n◌‌ email seller +2000\n◌‌ request nickname + bendera",
      "isImage": false,
      "image_url": "-"
   },
   {
      "id": "120363234669565174@g.us",
      "key": "perpustakaan",
      "response": "*࿐Perpustakaan gejet store*\n\n\n⚘ berikut beberapa bahasa yang mungkin sebagian belum tau\n◌‌ *fee* : biaya admin yang harus di tanggung oleh _buyyer_\n◌‌ *buyyer* : pembeli\n◌‌ *seller* : penjual\n◌‌ *nw / no waranty* : _no garansi_ atau tidak ada garansi\n◌‌ *fw / full waranty* : _full garansi_ \n◌‌ *nogar / no garansi* : jika produk yang di beli dan dikemudian hari terjadi hal yang tidak di inginkan maka _seller_ tidak bertanggung jawab\n◌‌ *fullgar / full garansi* : ini antonim dari _nogar_, _seller_ wajib mengganti dengan produk baru\n◌‌ *po / pre-order* : sama halnya dengan _Booking_ yaitu membeli produk yang belum rilis dari jauh hari\n◌‌ *refill* : jika pesanan mengalami penurunan maka akan di isi kembali oleh _seller_\n◌‌ *nr / no refill* : pesanan yang terjadi penurunan maka itu adalah resiko yang harus di terima oleh _buyyer_\n◌‌ *reff / reffund* : pengembalian uang yang sudah di transfer\n◌‌ *acc / account* : akun, email, gmail, surel\n◌‌ *private* : dalam 1 akun maksimal hanya 1 orang yang pakai\n◌‌ *sharing* : dalam 1 akun ada beberapa yang menggunakan nya, kamu dan _buyyer_ ku yang lain\n◌‌ *s&k* : syarat dan ketentuan\n◌‌ *1p1u* : 1 profil 1 user atau bisa disebut _private_\n◌‌ *1p2u* : 1 profil 2 user, 1 akun cuma 2 orng yang make\n◌‌ *1p2d* : 1 profil 2 device, _private_ tapi bisa di pake di hp lain menggunakan email yang sama\n◌‌ *5p1u* : 5 profil 1 user\n◌‌ *anlim* : anti limit\n◌‌ *indplan / individual plan* : sama halnya dengan _private_\n◌‌ *famplan / family plan* : sinonim nya _sharing_",
      "isImage": false,
      "image_url": "-"
   },
   {
      "id": "120363234669565174@g.us",
      "key": "misi top up",
      "response": "*࿐Clear misi event*\n\n⚘ misi 100 💎\n╰ 100 💎 Rp.25,289\n╰ 113 💎 Rp.28,398\n╰ 153 💎 Rp.38,003\n╰ wdp Rp.25,350\n\n⚘ misi 250 💎\n╰ 257 💎 Rp.62,279\n╰ 284 💎 Rp.68,876\n╰ wdp 2x + 59 💎 Rp.65,534\n\n⚘ misi 500 💎\n╰ 500 💎 Rp.122,487\n╰ 568 💎 Rp.130,547\n╰ wdp 5x Rp.126,000\n\n⚘ misi 1000 💎\n╰ 1045 💎 Rp.246,289\n╰ 1124 💎 Rp.275,166\n╰ wdp 10x Rp.250,000\n\n⚘ vilog misi berapapun\n╰ 565 💎 Rp.125,000\n╰ 1150 💎 Rp.200,000\n╰ wdp 3x Rp.72,900\n\n_*⎙ note*_ :\n◌‌ hanya berlaku untuk PO ( pre order )\n◌‌ batas waktu dari skrng sampe 2 hari event rilis\n◌‌ di isi saat event telah rilis",
      "isImage": false,
      "image_url": "-"
   },
   {
      "id": "120363234669565174@g.us",
      "key": "create acc luar",
      "response": "*࿐Pembuatan account*\n\n⚘ create level 3\n╰ • 🇹🇷 Turki Rp 5.000\n╰ • 🇧🇷 Brazil Rp 4.000\n\n⚘ keuntungan acc luar\n╰ • harga diamond super murah\n╰ • wdp turki 17 - 19k\n╰ • wdp brazil 19 - 21k\n╰ • bisa gift ke acc pribadi atau gift ke acc orng\n╰ • cocok buat jualan item via gift, atau buat keuntungan pribadi\n╰ • agar lebih hemat \n\n_*⎙ note*_ :\n◌‌ request level 25 Rp 25.000\n◌‌ proses 15 - 30 menit\n◌‌ kirimkan email untuk di bind kan ke akun\n◌‌ email seller +2000\n◌‌ request nickname + bendera",
      "isImage": false,
      "image_url": "-"
   }
]